Symbol,Name,Asset Class,Weight (%),Price,Shares,MarketCap,Notional Value,Sector,SEDOL,ISIN,Exchange
"ZBRA","ZEBRA TECHNOLOGIES CORP CLASS A","Equity","0.76","255.45","1,559,966.00","398,493,314.70","398,493,314.70","Information Technology","2989356","US9892071054","NASDAQ"
"STE","STERIS","Equity","0.70","150.75","2,441,216.00","368,013,312.00","368,013,312.00","Health Care","BFY8C75","IE00BFY8C754","New York Stock Exchange Inc."
"TDY","TELEDYNE TECHNOLOGIES INC","Equity","0.69","347.21","1,048,672.00","364,109,405.12","364,109,405.12","Industrials","2503477","US8793601050","New York Stock Exchange Inc."
"DPZ","DOMINOS PIZZA INC","Equity","0.66","292.15","1,188,595.00","347,248,029.25","347,248,029.25","Consumer Discretionary","B01SD70","US25754A2015","New York Stock Exchange Inc."
"TER","TERADYNE INC","Equity","0.64","68.32","4,898,916.00","334,693,941.12","334,693,941.12","Information Technology","2884183","US8807701029","NASDAQ"
"Y","ALLEGHANY CORP","Equity","0.63","796.29","416,288.00","331,485,971.52","331,485,971.52","Financials","2016801","US0171751003","New York Stock Exchange Inc."
"TYL","TYLER TECHNOLOGIES INC","Equity","0.61","289.95","1,112,206.00","322,484,129.70","322,484,129.70","Information Technology","2909644","US9022521051","New York Stock Exchange Inc."
"WST","WEST PHARMACEUTICAL SERVICES INC","Equity","0.60","147.25","2,125,912.00","313,040,542.00","313,040,542.00","Health Care","2950482","US9553061055","New York Stock Exchange Inc."
"FICO","FAIR ISAAC CORP","Equity","0.57","362.28","832,993.00","301,776,704.04","301,776,704.04","Information Technology","2330299","US3032501047","New York Stock Exchange Inc."
"FDS","FACTSET RESEARCH SYSTEMS INC","Equity","0.57","271.60","1,102,781.00","299,515,319.60","299,515,319.60","Financials","2329770","US3030751057","New York Stock Exchange Inc."
"RGA","REINSURANCE GROUP OF AMERICA INC","Equity","0.57","165.22","1,809,166.00","298,910,406.52","298,910,406.52","Financials","2731193","US7593516047","New York Stock Exchange Inc."
"CPT","CAMDEN PROPERTY TRUST REIT","Equity","0.56","105.63","2,791,169.00","294,831,181.47","294,831,181.47","Real Estate","2166320","US1331311027","New York Stock Exchange Inc."
"TRMB","TRIMBLE INC","Equity","0.56","40.41","7,258,175.00","293,302,851.75","293,302,851.75","Information Technology","2903958","US8962391004","NASDAQ"
"MPW","MEDICAL PROPERTIES TRUST REIT INC","Equity","0.55","20.13","14,306,292.00","287,985,657.96","287,985,657.96","Real Estate","B0JL5L9","US58463J3041","New York Stock Exchange Inc."
"WTR","AQUA AMERICA INC","Equity","0.54","45.56","6,220,054.00","283,385,660.24","283,385,660.24","Utilities","2685234","US03836W1036","New York Stock Exchange Inc."
"RPM","RPM INTERNATIONAL INC","Equity","0.54","75.26","3,737,933.00","281,316,837.58","281,316,837.58","Materials","2756174","US7496851038","New York Stock Exchange Inc."
"CGNX","COGNEX CORP","Equity","0.52","55.58","4,919,527.00","273,402,713.03","273,402,713.03","Information Technology","2208288","US1924221039","NASDAQ"
"LPT","LIBERTY PROPERTY REIT TRUST","Equity","0.51","59.50","4,548,014.00","270,606,833.00","270,606,833.00","Real Estate","2513681","US5311721048","New York Stock Exchange Inc."
"UGI","UGI CORP","Equity","0.51","44.50","6,023,544.00","268,047,708.00","268,047,708.00","Utilities","2910118","US9026811052","New York Stock Exchange Inc."
"LII","LENNOX INTERNATIONAL INC","Equity","0.50","258.00","1,015,860.00","262,091,880.00","262,091,880.00","Industrials","2442053","US5261071071","New York Stock Exchange Inc."
"BRO","BROWN & BROWN INC","Equity","0.50","38.98","6,698,041.00","261,089,638.18","261,089,638.18","Financials","2692687","US1152361010","New York Stock Exchange Inc."
"CSL","CARLISLE COMPANIES INC","Equity","0.50","159.91","1,631,744.00","260,932,183.04","260,932,183.04","Industrials","2176318","US1423391002","New York Stock Exchange Inc."
"NNN","NATIONAL RETAIL PROPERTIES REIT IN","Equity","0.49","52.11","4,947,659.00","257,822,510.49","257,822,510.49","Real Estate","2211811","US6374171063","New York Stock Exchange Inc."
"OHI","OMEGA HEALTHCARE INVESTORS REIT IN","Equity","0.49","41.15","6,242,453.00","256,876,940.95","256,876,940.95","Real Estate","2043274","US6819361006","New York Stock Exchange Inc."
"WEX","WEX INC","Equity","0.49","204.89","1,247,461.00","255,592,284.29","255,592,284.29","Information Technology","B8383P2","US96208T1043","New York Stock Exchange Inc."
"LYV","LIVE NATION ENTERTAINMENT INC","Equity","0.48","63.56","4,008,777.00","254,797,866.12","254,797,866.12","Communication","B0T7YX2","US5380341090","New York Stock Exchange Inc."
"JLL","JONES LANG LASALLE INC","Equity","0.48","171.22","1,485,187.00","254,293,718.14","254,293,718.14","Real Estate","2040640","US48020Q1076","New York Stock Exchange Inc."
"OGE","OGE ENERGY CORP","Equity","0.48","43.85","5,770,338.00","253,029,321.30","253,029,321.30","Utilities","2657802","US6708371033","New York Stock Exchange Inc."
"RNR","RENAISSANCERE HOLDING LTD","Equity","0.48","197.69","1,273,030.00","251,665,300.70","251,665,300.70","Financials","2728429","BMG7496G1033","New York Stock Exchange Inc."
"CY","CYPRESS SEMICONDUCTOR CORP","Equity","0.47","23.38","10,645,989.00","248,903,222.82","248,903,222.82","Information Technology","2244549","US2328061096","NASDAQ"
"GGG","GRACO INC","Equity","0.47","51.29","4,808,376.00","246,621,605.04","246,621,605.04","Industrials","2380443","US3841091040","New York Stock Exchange Inc."
"TTC","TORO","Equity","0.47","79.90","3,072,943.00","245,528,145.70","245,528,145.70","Industrials","2897040","US8910921084","New York Stock Exchange Inc."
"NDSN","NORDSON CORP","Equity","0.46","164.81","1,474,927.00","243,082,718.87","243,082,718.87","Industrials","2641838","US6556631025","NASDAQ"
"MOH","MOLINA HEALTHCARE INC","Equity","0.46","134.21","1,807,730.00","242,615,443.30","242,615,443.30","Health Care","2212706","US60855R1005","New York Stock Exchange Inc."
"OLED","UNIVERSAL DISPLAY CORP","Equity","0.46","198.24","1,222,131.00","242,275,249.44","242,275,249.44","Information Technology","2277880","US91347P1057","NASDAQ"
"SEIC","SEI INVESTMENTS","Equity","0.46","66.12","3,656,914.00","241,795,153.68","241,795,153.68","Financials","2793610","US7841171033","NASDAQ"
"TECH","BIO TECHNE CORP","Equity","0.46","218.87","1,097,246.00","240,154,232.02","240,154,232.02","Health Care","BSHZ3Q0","US09073M1045","NASDAQ"
"POOL","POOL CORP","Equity","0.46","208.32","1,150,803.00","239,735,280.96","239,735,280.96","Consumer Discretionary","2781585","US73278L1052","NASDAQ"
"SCI","SERVICE","Equity","0.46","45.59","5,256,799.00","239,657,466.41","239,657,466.41","Consumer Discretionary","2797560","US8175651046","New York Stock Exchange Inc."
"AFG","AMERICAN FINANCIAL GROUP INC","Equity","0.45","110.83","2,151,939.00","238,499,399.37","238,499,399.37","Financials","2134532","US0259321042","New York Stock Exchange Inc."
"HUBB","HUBBELL INC","Equity","0.44","147.38","1,568,409.00","231,152,118.42","231,152,118.42","Industrials","BDFG6S3","US4435106079","New York Stock Exchange Inc."
"RS","RELIANCE STEEL & ALUMINUM","Equity","0.43","118.87","1,921,421.00","228,399,314.27","228,399,314.27","Materials","2729068","US7595091023","New York Stock Exchange Inc."
"BIO","BIO RAD LABORATORIES INC CLASS A","Equity","0.43","366.89","619,577.00","227,316,605.53","227,316,605.53","Health Care","2098508","US0905722072","New York Stock Exchange Inc."
"CTLT","CATALENT INC","Equity","0.43","53.11","4,209,327.00","223,557,356.97","223,557,356.97","Health Care","BP96PQ4","US1488061029","New York Stock Exchange Inc."
"PTC","PTC INC","Equity","0.42","74.38","2,988,172.00","222,260,233.36","222,260,233.36","Information Technology","B95N910","US69370C1009","NASDAQ"
"MASI","MASIMO CORP","Equity","0.42","157.06","1,414,215.00","222,116,607.90","222,116,607.90","Health Care","B1YWR63","US5747951003","NASDAQ"
"CABO","CABLE ONE INC","Equity","0.42","1,516.28","144,746.00","219,475,464.88","219,475,464.88","Communication","BZ07DS4","US12685J1051","New York Stock Exchange Inc."
"XPO","XPO LOGISTICS INC","Equity","0.42","82.53","2,657,235.00","219,301,604.55","219,301,604.55","Industrials","B6Z1355","US9837931008","New York Stock Exchange Inc."
"KRC","KILROY REALTY REIT CORP","Equity","0.42","81.84","2,677,801.00","219,151,233.84","219,151,233.84","Real Estate","2495529","US49427F1084","New York Stock Exchange Inc."
"RGLD","ROYAL GOLD INC","Equity","0.41","114.66","1,889,854.00","216,690,659.64","216,690,659.64","Materials","2755706","US7802871084","NASDAQ"
"STLD","STEEL DYNAMICS INC","Equity","0.41","33.97","6,330,622.00","215,051,229.34","215,051,229.34","Materials","2849472","US8581191009","NASDAQ"
"SBNY","SIGNATURE BANK","Equity","0.41","135.75","1,577,748.00","214,179,291.00","214,179,291.00","Financials","B00JQL9","US82669G1040","NASDAQ"
"CZR","CAESARS ENTERTAINMENT CORP","Equity","0.40","13.25","16,020,746.00","212,274,884.50","212,274,884.50","Consumer Discretionary","B3TDL41","US1276861036","NASDAQ"
"HRC","HILL ROM HOLDINGS INC","Equity","0.40","109.78","1,926,025.00","211,439,024.50","211,439,024.50","Health Care","2425924","US4314751029","New York Stock Exchange Inc."
"ATR","APTARGROUP INC","Equity","0.40","114.32","1,846,064.00","211,042,036.48","211,042,036.48","Materials","2045247","US0383361039","New York Stock Exchange Inc."
"LAMR","LAMAR ADVERTISING COMPANY CLAS","Equity","0.40","85.02","2,477,797.00","210,662,300.94","210,662,300.94","Real Estate","BSPHGN6","US5128161099","NASDAQ"
"POST","POST HOLDINGS INC","Equity","0.40","106.26","1,979,876.00","210,381,623.76","210,381,623.76","Consumer Staples","B6T0518","US7374461041","New York Stock Exchange Inc."
"GNTX","GENTEX CORP","Equity","0.40","28.59","7,344,241.00","209,971,850.19","209,971,850.19","Consumer Discretionary","2366799","US3719011096","NASDAQ"
"DCI","DONALDSON INC","Equity","0.40","56.79","3,676,130.00","208,767,422.70","208,767,422.70","Industrials","2276467","US2576511099","New York Stock Exchange Inc."
"CRL","CHARLES RIVER LABORATORIES INTERNA","Equity","0.40","147.71","1,406,922.00","207,816,448.62","207,816,448.62","Health Care","2604336","US1598641074","New York Stock Exchange Inc."
"MPWR","MONOLITHIC POWER SYSTEMS INC","Equity","0.39","177.23","1,159,307.00","205,463,979.61","205,463,979.61","Information Technology","B01Z7J1","US6098391054","NASDAQ"
"OC","OWENS CORNING","Equity","0.39","65.20","3,136,068.00","204,471,633.60","204,471,633.60","Industrials","B1FW7Q2","US6907421019","New York Stock Exchange Inc."
"ARW","ARROW ELECTRONICS INC","Equity","0.39","84.99","2,396,617.00","203,688,478.83","203,688,478.83","Information Technology","2051404","US0427351004","New York Stock Exchange Inc."
"EWBC","EAST WEST BANCORP INC","Equity","0.39","48.47","4,195,578.00","203,359,665.66","203,359,665.66","Financials","2487407","US27579R1041","NASDAQ"
"DEI","DOUGLAS EMMETT REIT INC","Equity","0.39","42.72","4,748,695.00","202,864,250.40","202,864,250.40","Real Estate","B1G3M58","US25960P1093","New York Stock Exchange Inc."
"CONE","CYRUSONE REIT INC","Equity","0.39","62.12","3,262,908.00","202,691,844.96","202,691,844.96","Real Estate","B7YRLH9","US23283R1005","NASDAQ"
"CHE","CHEMED CORP","Equity","0.39","441.41","458,974.00","202,595,713.34","202,595,713.34","Health Care","2190084","US16359R1032","New York Stock Exchange Inc."
"TCF","TCF FINANCIAL CORP","Equity","0.39","45.76","4,424,342.00","202,457,889.92","202,457,889.92","Financials","BK5FNZ5","US8723071036","NASDAQ"
"CBSH","COMMERCE BANCSHARES INC","Equity","0.38","67.35","2,989,603.00","201,349,762.05","201,349,762.05","Financials","2213204","US2005251036","NASDAQ"
"WWD","WOODWARD INC","Equity","0.38","122.50","1,622,343.00","198,737,017.50","198,737,017.50","Industrials","2948089","US9807451037","NASDAQ"
"EHC","ENCOMPASS HEALTH CORP","Equity","0.38","69.77","2,843,569.00","198,395,809.13","198,395,809.13","Health Care","BYX2YJ7","US29261A1007","New York Stock Exchange Inc."
"PB","PROSPERITY BANCSHARES INC","Equity","0.38","71.68","2,750,825.00","197,179,136.00","197,179,136.00","Financials","2310257","US7436061052","New York Stock Exchange Inc."
"FAF","FIRST AMERICAN FINANCIAL CORP","Equity","0.38","61.00","3,231,395.00","197,115,095.00","197,115,095.00","Financials","B4NFPK4","US31847R1023","New York Stock Exchange Inc."
"ACM","AECOM","Equity","0.37","43.06","4,546,685.00","195,780,256.10","195,780,256.10","Industrials","B1VZ431","US00766T1007","New York Stock Exchange Inc."
"CDK","CDK GLOBAL INC","Equity","0.37","55.32","3,493,721.00","193,272,645.72","193,272,645.72","Information Technology","BQXTWQ5","US12508E1010","NASDAQ"
"FIVE","FIVE BELOW INC","Equity","0.37","120.13","1,604,673.00","192,769,367.49","192,769,367.49","Consumer Discretionary","B85KFY9","US33829M1018","NASDAQ"
"PRAH","PRA HEALTH SCIENCES INC","Equity","0.36","104.43","1,810,147.00","189,033,651.21","189,033,651.21","Health Care","BSHZ3V5","US69354M1080","NASDAQ"
"ITT","ITT INC","Equity","0.35","73.19","2,536,716.00","185,662,244.04","185,662,244.04","Industrials","BZBY209","US45073V1089","New York Stock Exchange Inc."
"ORI","OLD REPUBLIC INTERNATIONAL CORP","Equity","0.35","22.58","8,215,748.00","185,511,589.84","185,511,589.84","Financials","2659109","US6802231042","New York Stock Exchange Inc."
"CIEN","CIENA CORP","Equity","0.35","41.25","4,471,336.00","184,442,610.00","184,442,610.00","Information Technology","B1FLZ21","US1717793095","New York Stock Exchange Inc."
"ACC","AMERICAN CAMPUS COMMUNITIES REIT I","Equity","0.35","46.24","3,960,791.00","183,146,975.84","183,146,975.84","Real Estate","B02H871","US0248351001","New York Stock Exchange Inc."
"OSK","OSHKOSH CORP","Equity","0.35","92.19","1,971,576.00","181,759,591.44","181,759,591.44","Industrials","2663520","US6882392011","New York Stock Exchange Inc."
"GWR","GENESEE & WYOMING INC CLASS A","Equity","0.35","111.34","1,631,859.00","181,691,181.06","181,691,181.06","Industrials","2374060","US3715591059","New York Stock Exchange Inc."
"CDAY","CERIDIAN HCM HOLDING INC","Equity","0.34","63.20","2,854,336.00","180,394,035.20","180,394,035.20","Information Technology","BFX1V56","US15677J1088","New York Stock Exchange Inc."
"BRX","BRIXMOR PROPERTY GROUP REIT INC","Equity","0.34","20.97","8,585,792.00","180,044,058.24","180,044,058.24","Real Estate","BFTDJL8","US11120U1051","New York Stock Exchange Inc."
"SABR","SABRE CORP","Equity","0.34","22.70","7,889,071.00","179,081,911.70","179,081,911.70","Information Technology","BLLHH27","US78573M1045","NASDAQ"
"SON","SONOCO PRODUCTS","Equity","0.34","61.63","2,884,849.00","177,793,243.87","177,793,243.87","Materials","2821395","US8354951027","New York Stock Exchange Inc."
"DNKN","DUNKIN BRANDS GROUP INC","Equity","0.34","74.27","2,384,422.00","177,091,021.94","177,091,021.94","Consumer Discretionary","B3LHT03","US2655041000","NASDAQ"
"CW","CURTISS WRIGHT CORP","Equity","0.33","142.79","1,231,750.00","175,881,582.50","175,881,582.50","Industrials","2241205","US2315611010","New York Stock Exchange Inc."
"INGR","INGREDION INC","Equity","0.33","90.44","1,923,550.00","173,965,862.00","173,965,862.00","Consumer Staples","B7K24P7","US4571871023","New York Stock Exchange Inc."
"CACI","CACI INTERNATIONAL INC CLASS A","Equity","0.33","242.36","717,259.00","173,834,891.24","173,834,891.24","Information Technology","2159267","US1271903049","New York Stock Exchange Inc."
"MKSI","MKS INSTRUMENTS INC","Equity","0.33","109.94","1,570,603.00","172,672,093.82","172,672,093.82","Information Technology","2404871","US55306N1046","NASDAQ"
"HAE","HAEMONETICS CORP","Equity","0.33","117.98","1,463,508.00","172,664,673.84","172,664,673.84","Health Care","2401195","US4050241003","New York Stock Exchange Inc."
"PK","PARK HOTELS RESORTS INC","Equity","0.33","24.94","6,910,790.00","172,355,102.60","172,355,102.60","Real Estate","BYVMVV0","US7005171050","New York Stock Exchange Inc."
"LECO","LINCOLN ELECTRIC HOLDINGS INC","Equity","0.33","95.91","1,780,860.00","170,802,282.60","170,802,282.60","Industrials","2516851","US5339001068","NASDAQ"
"SRCL","STERICYCLE INC","Equity","0.32","64.19","2,626,685.00","168,606,910.15","168,606,910.15","Industrials","2860826","US8589121081","NASDAQ"
"MDU","MDU RESOURCES GROUP INC","Equity","0.32","29.37","5,738,138.00","168,529,113.06","168,529,113.06","Utilities","2547323","US5526901096","New York Stock Exchange Inc."
"WSO","WATSCO INC","Equity","0.32","179.24","940,140.00","168,510,693.60","168,510,693.60","Industrials","2943039","US9426222009","New York Stock Exchange Inc."
"CUZ","COUSINS PROPERTIES REIT INC","Equity","0.32","39.78","4,230,637.00","168,294,739.86","168,294,739.86","Real Estate","BJP0MF6","US2227955026","New York Stock Exchange Inc."
"WH","WYNDHAM HOTELS RESORTS INC","Equity","0.32","60.37","2,779,752.00","167,813,628.24","167,813,628.24","Consumer Discretionary","BF108P4","US98311A1051","New York Stock Exchange Inc."
"LITE","LUMENTUM HOLDINGS INC","Equity","0.32","75.49","2,216,743.00","167,341,929.07","167,341,929.07","Information Technology","BYM9ZP2","US55024U1097","NASDAQ"
"PRI","PRIMERICA INC","Equity","0.32","137.34","1,207,271.00","165,806,599.14","165,806,599.14","Financials","B50K3X8","US74164M1080","New York Stock Exchange Inc."
"MAN","MANPOWER INC","Equity","0.32","96.08","1,724,969.00","165,735,021.52","165,735,021.52","Industrials","2562490","US56418H1005","New York Stock Exchange Inc."
"PII","POLARIS INDUSTRIES INC","Equity","0.31","99.86","1,656,232.00","165,391,327.52","165,391,327.52","Consumer Discretionary","2692933","US7310681025","New York Stock Exchange Inc."
"SNV","SYNOVUS FINANCIAL CORP","Equity","0.31","39.05","4,224,346.00","164,960,711.30","164,960,711.30","Financials","BMH4NJ8","US87161C5013","New York Stock Exchange Inc."
"CASY","CASEYS GENERAL STORES INC","Equity","0.31","155.02","1,059,886.00","164,303,527.72","164,303,527.72","Consumer Staples","2179414","US1475281036","NASDAQ"
"JBL","JABIL INC","Equity","0.31","40.64","4,011,576.00","163,030,448.64","163,030,448.64","Information Technology","2471789","US4663131039","New York Stock Exchange Inc."
"NYCB","NEW YORK COMMUNITY BANCORP INC","Equity","0.31","11.97","13,472,311.00","161,263,562.67","161,263,562.67","Financials","2711656","US6494451031","New York Stock Exchange Inc."
"SKX","SKECHERS USA INC CLASS A","Equity","0.31","41.65","3,855,550.00","160,583,657.50","160,583,657.50","Consumer Discretionary","2428042","US8305661055","New York Stock Exchange Inc."
"CFR","CULLEN FROST BANKERS INC","Equity","0.31","97.68","1,643,591.00","160,545,968.88","160,545,968.88","Financials","2239556","US2298991090","New York Stock Exchange Inc."
"JBLU","JETBLUE AIRWAYS CORP","Equity","0.30","18.70","8,540,284.00","159,703,310.80","159,703,310.80","Industrials","2852760","US4771431016","NASDAQ"
"EXEL","EXELIXIS INC","Equity","0.30","18.20","8,731,669.00","158,916,375.80","158,916,375.80","Health Care","2576941","US30161Q1040","NASDAQ"
"WSM","WILLIAMS SONOMA INC","Equity","0.30","70.22","2,254,305.00","158,297,297.10","158,297,297.10","Consumer Discretionary","2967589","US9699041011","New York Stock Exchange Inc."
"JEF","JEFFERIES FINANCIAL GROUP INC","Equity","0.30","21.57","7,264,314.00","156,691,252.98","156,691,252.98","Financials","BG0Q4Z2","US47233W1099","New York Stock Exchange Inc."
"THG","HANOVER INSURANCE GROUP INC","Equity","0.30","137.13","1,140,198.00","156,355,351.74","156,355,351.74","Financials","2020415","US4108671052","New York Stock Exchange Inc."
"EV","EATON VANCE COM NON VOTING CORP","Equity","0.30","47.61","3,258,585.00","155,141,231.85","155,141,231.85","Financials","2301057","US2782651036","New York Stock Exchange Inc."
"IDA","IDACORP INC","Equity","0.29","106.63","1,452,762.00","154,908,012.06","154,908,012.06","Utilities","2296937","US4511071064","New York Stock Exchange Inc."
"EPR","EPR PROPERTIES REIT","Equity","0.29","68.51","2,235,684.00","153,166,710.84","153,166,710.84","Real Estate","B8XXZP1","US26884U1097","New York Stock Exchange Inc."
"AYI","ACUITY BRANDS INC","Equity","0.29","132.31","1,150,143.00","152,175,420.33","152,175,420.33","Industrials","2818461","US00508Y1029","New York Stock Exchange Inc."
"SNX","SYNNEX CORP","Equity","0.29","128.33","1,177,843.00","151,152,592.19","151,152,592.19","Information Technology","2002554","US87162W1009","New York Stock Exchange Inc."
"ETSY","ETSY INC","Equity","0.28","43.10","3,472,417.00","149,661,172.70","149,661,172.70","Consumer Discretionary","BWTN5N1","US29786A1060","NASDAQ"
"FR","FIRST INDUSTRIAL REALTY TRUST INC","Equity","0.28","41.02","3,646,157.00","149,565,360.14","149,565,360.14","Real Estate","2360757","US32054K1034","New York Stock Exchange Inc."
"AMED","AMEDISYS INC","Equity","0.28","161.18","927,487.00","149,492,354.66","149,492,354.66","Health Care","2024332","US0234361089","NASDAQ"
"BC","BRUNSWICK CORP","Equity","0.28","60.09","2,471,108.00","148,488,879.72","148,488,879.72","Consumer Discretionary","2149309","US1170431092","New York Stock Exchange Inc."
"HQY","HEALTHEQUITY INC","Equity","0.28","72.93","2,035,741.00","148,466,591.13","148,466,591.13","Health Care","BP8XZL1","US42226A1079","NASDAQ"
"FHN","FIRST HORIZON NATIONAL CORP","Equity","0.28","16.42","9,007,597.00","147,904,742.74","147,904,742.74","Financials","2341484","US3205171057","New York Stock Exchange Inc."
"TECD","TECH DATA CORP","Equity","0.28","143.48","1,026,272.00","147,249,506.56","147,249,506.56","Information Technology","2879532","US8782371061","NASDAQ"
"TOL","TOLL BROTHERS INC","Equity","0.28","39.50","3,724,210.00","147,106,295.00","147,106,295.00","Consumer Discretionary","2896092","US8894781033","New York Stock Exchange Inc."
"TREX","TREX INC","Equity","0.28","87.20","1,684,109.00","146,854,304.80","146,854,304.80","Industrials","2483074","US89531P1057","New York Stock Exchange Inc."
"PEN","PENUMBRA INC","Equity","0.28","158.30","922,719.00","146,066,417.70","146,066,417.70","Health Care","BZ0V201","US70975L1070","New York Stock Exchange Inc."
"NATI","NATIONAL INSTRUMENTS CORP","Equity","0.28","42.48","3,421,588.00","145,349,058.24","145,349,058.24","Information Technology","2645078","US6365181022","NASDAQ"
"WPX","WPX ENERGY INC","Equity","0.28","11.90","12,176,062.00","144,895,137.80","144,895,137.80","Energy","B40PCD9","US98212B1035","New York Stock Exchange Inc."
"MANH","MANHATTAN ASSOCIATES INC","Equity","0.28","78.05","1,854,255.00","144,724,602.75","144,724,602.75","Information Technology","2239471","US5627501092","NASDAQ"
"HE","HAWAIIAN ELECTRIC INDUSTRIES INC","Equity","0.27","45.84","3,141,291.00","143,996,779.44","143,996,779.44","Utilities","2415204","US4198701009","New York Stock Exchange Inc."
"EGP","EASTGROUP PROPERTIES REIT INC","Equity","0.27","132.98","1,082,689.00","143,975,983.22","143,975,983.22","Real Estate","2455761","US2772761019","New York Stock Exchange Inc."
"SRC","SPIRIT REALTY CAPITAL REIT INC","Equity","0.27","49.79","2,874,846.00","143,138,582.34","143,138,582.34","Real Estate","BHHZBZ8","US84860W3007","New York Stock Exchange Inc."
"KEX","KIRBY CORP","Equity","0.27","82.81","1,726,757.00","142,992,747.17","142,992,747.17","Industrials","2493534","US4972661064","New York Stock Exchange Inc."
"SLAB","SILICON LABORATORIES INC","Equity","0.27","114.16","1,249,297.00","142,619,745.52","142,619,745.52","Information Technology","2568131","US8269191024","NASDAQ"
"EME","EMCOR GROUP INC","Equity","0.27","87.84","1,618,168.00","142,139,877.12","142,139,877.12","Industrials","2474164","US29084Q1004","New York Stock Exchange Inc."
"FFIN","FIRST FINANCIAL BANKSHARES INC","Equity","0.27","36.10","3,914,865.00","141,326,626.50","141,326,626.50","Financials","2266026","US32020R1095","NASDAQ"
"AGCO","AGCO CORP","Equity","0.27","77.35","1,824,109.00","141,094,831.15","141,094,831.15","Industrials","2010278","US0010841023","New York Stock Exchange Inc."
"VAC","MARRIOTT VACATIONS WORLDWIDE CORP","Equity","0.27","126.27","1,116,704.00","141,006,214.08","141,006,214.08","Consumer Discretionary","B45K9N8","US57164Y1073","New York Stock Exchange Inc."
"OGS","ONE GAS INC","Equity","0.27","92.49","1,520,010.00","140,585,724.90","140,585,724.90","Utilities","BJ0KXV4","US68235P1084","New York Stock Exchange Inc."
"WBS","WEBSTER FINANCIAL CORP","Equity","0.27","52.74","2,656,629.00","140,110,613.46","140,110,613.46","Financials","2945143","US9478901096","New York Stock Exchange Inc."
"CREE","CREE INC","Equity","0.27","45.29","3,083,724.00","139,661,859.96","139,661,859.96","Information Technology","2232351","US2254471012","NASDAQ"
"LSI","LIFE STORAGE INC","Equity","0.27","103.84","1,344,749.00","139,638,736.16","139,638,736.16","Real Estate","BDCSFJ6","US53223X1072","New York Stock Exchange Inc."
"HIW","HIGHWOODS PROPERTIES REIT INC","Equity","0.27","46.59","2,989,980.00","139,303,168.20","139,303,168.20","Real Estate","2420640","US4312841087","New York Stock Exchange Inc."
"KMPR","KEMPER CORP","Equity","0.26","77.01","1,804,430.00","138,959,154.30","138,959,154.30","Financials","B52KRV2","US4884011002","New York Stock Exchange Inc."
"CHDN","CHURCHILL DOWNS INC","Equity","0.26","135.32","1,026,797.00","138,946,170.04","138,946,170.04","Consumer Discretionary","2194105","US1714841087","NASDAQ"
"BKH","BLACK HILLS CORP","Equity","0.26","78.42","1,759,949.00","138,015,200.58","138,015,200.58","Utilities","2101741","US0921131092","New York Stock Exchange Inc."
"TTEK","TETRA TECH INC","Equity","0.26","87.46","1,575,194.00","137,766,467.24","137,766,467.24","Industrials","2883890","US88162G1031","NASDAQ"
"DECK","DECKERS OUTDOOR CORP","Equity","0.26","163.60","832,531.00","136,202,071.60","136,202,071.60","Consumer Discretionary","2267278","US2435371073","New York Stock Exchange Inc."
"NYT","NEW YORK TIMES CLASS A","Equity","0.26","32.86","4,143,197.00","136,145,453.42","136,145,453.42","Communication","2632003","US6501111073","New York Stock Exchange Inc."
"BHF","BRIGHTHOUSE FINANCIAL INC","Equity","0.26","42.33","3,211,534.00","135,944,234.22","135,944,234.22","Financials","BF429K9","US10922N1037","NASDAQ"
"CRI","CARTERS INC","Equity","0.26","105.27","1,289,657.00","135,762,192.39","135,762,192.39","Consumer Discretionary","2980939","US1462291097","New York Stock Exchange Inc."
"MMS","MAXIMUS INC","Equity","0.26","73.75","1,839,163.00","135,638,271.25","135,638,271.25","Information Technology","2018669","US5779331041","New York Stock Exchange Inc."
"LFUS","LITTELFUSE INC","Equity","0.26","189.56","708,780.00","134,356,336.80","134,356,336.80","Information Technology","2531832","US5370081045","NASDAQ"
"BCO","BRINKS","Equity","0.25","92.60","1,441,282.00","133,462,713.20","133,462,713.20","Industrials","2691305","US1096961040","New York Stock Exchange Inc."
"WYND","WYNDHAM DESTINATIONS INC","Equity","0.25","50.14","2,658,527.00","133,298,543.78","133,298,543.78","Consumer Discretionary","B198391","US98310W1080","New York Stock Exchange Inc."
"PNFP","PINNACLE FINANCIAL PARTNERS INC","Equity","0.25","63.91","2,085,088.00","133,257,974.08","133,257,974.08","Financials","2675097","US72346Q1040","NASDAQ"
"JBGS","JBG SMITH PROPERTIES","Equity","0.25","39.10","3,401,387.00","132,994,231.70","132,994,231.70","Real Estate","BD3BX01","US46590V1008","New York Stock Exchange Inc."
"ASH","ASHLAND GLOBAL INC","Equity","0.25","75.58","1,743,654.00","131,785,369.32","131,785,369.32","Materials","BYND5N1","US0441861046","New York Stock Exchange Inc."
"PACW","PACWEST BANCORP","Equity","0.25","38.55","3,407,432.00","131,356,503.60","131,356,503.60","Financials","2619772","US6952631033","NASDAQ"
"VLY","VALLEY NATIONAL","Equity","0.25","11.60","11,291,353.00","130,923,238.04","130,923,238.04","Financials","2935326","US9197941076","NASDAQ"
"CRUS","CIRRUS LOGIC INC","Equity","0.25","77.57","1,675,989.00","130,006,466.73","130,006,466.73","Information Technology","2197308","US1727551004","NASDAQ"
"MSA","MSA SAFETY INC","Equity","0.25","126.61","1,026,834.00","130,007,452.74","130,007,452.74","Industrials","BKM4S16","US5534981064","New York Stock Exchange Inc."
"KNX","KNIGHT-SWIFT TRANSPORTATION HOLDIN","Equity","0.25","36.73","3,536,664.00","129,901,668.72","129,901,668.72","Industrials","BF0LKD0","US4990491049","New York Stock Exchange Inc."
"GMED","GLOBUS MEDICAL INC CLASS A","Equity","0.25","58.62","2,209,446.00","129,517,724.52","129,517,724.52","Health Care","B7D65M0","US3795772082","New York Stock Exchange Inc."
"MAT","MATTEL INC","Equity","0.25","12.96","9,960,479.00","129,087,807.84","129,087,807.84","Consumer Discretionary","2572303","US5770811025","NASDAQ"
"SEDG","SOLAREDGE TECHNOLOGIES INC","Equity","0.24","92.79","1,382,825.00","128,312,331.75","128,312,331.75","Information Technology","BWC52Q6","US83417M1045","NASDAQ"
"JCOM","J2 GLOBAL INC","Equity","0.24","95.64","1,339,588.00","128,118,196.32","128,118,196.32","Information Technology","B75DGJ3","US48123V1026","NASDAQ"
"AVT","AVNET INC","Equity","0.24","42.78","2,986,974.00","127,782,747.72","127,782,747.72","Information Technology","2066505","US0538071038","NASDAQ"
"LSTR","LANDSTAR SYSTEM INC","Equity","0.24","110.70","1,142,387.00","126,462,240.90","126,462,240.90","Industrials","2503994","US5150981018","NASDAQ"
"STL","STERLING BAN","Equity","0.24","21.30","5,915,087.00","125,991,353.10","125,991,353.10","Financials","BFNXVB8","US85917A1007","New York Stock Exchange Inc."
"CR","CRANE","Equity","0.24","85.76","1,468,864.00","125,969,776.64","125,969,776.64","Industrials","2231897","US2243991054","New York Stock Exchange Inc."
"KBR","KBR INC","Equity","0.24","30.63","4,107,999.00","125,828,009.37","125,828,009.37","Information Technology","B1HHB18","US48242W1062","New York Stock Exchange Inc."
"NCR","NCR CORP","Equity","0.24","34.22","3,672,031.00","125,656,900.82","125,656,900.82","Information Technology","2632650","US62886E1082","New York Stock Exchange Inc."
"AAXN","AXON ENTERPRISE INC","Equity","0.24","73.19","1,708,096.00","125,015,546.24","125,015,546.24","Industrials","BDT5S35","US05464C1018","NASDAQ"
"ACIW","ACI WORLDWIDE INC","Equity","0.24","36.90","3,364,428.00","124,147,393.20","124,147,393.20","Information Technology","2889155","US0044981019","NASDAQ"
"CLH","CLEAN HARBORS INC","Equity","0.24","83.80","1,481,470.00","124,147,186.00","124,147,186.00","Industrials","2202473","US1844961078","New York Stock Exchange Inc."
"FSLR","FIRST SOLAR INC","Equity","0.24","56.53","2,187,462.00","123,657,226.86","123,657,226.86","Information Technology","B1HMF22","US3364331070","NASDAQ"
"SF","STIFEL FINANCIAL CORP","Equity","0.23","61.51","2,005,843.00","123,379,402.93","123,379,402.93","Financials","2849234","US8606301021","New York Stock Exchange Inc."
"FCN","FTI CONSULTING INC","Equity","0.23","112.61","1,081,957.00","121,839,177.77","121,839,177.77","Industrials","2351449","US3029411093","New York Stock Exchange Inc."
"NJR","NEW JERSEY RESOURCES CORP","Equity","0.23","44.34","2,747,515.00","121,824,815.10","121,824,815.10","Utilities","2630513","US6460251068","New York Stock Exchange Inc."
"IART","INTEGRA LIFESCIENCES HOLDINGS CORP","Equity","0.23","59.50","2,046,465.00","121,764,667.50","121,764,667.50","Health Care","2248693","US4579852082","NASDAQ"
"HELE","HELEN OF TROY LTD","Equity","0.23","167.94","723,740.00","121,544,895.60","121,544,895.60","Consumer Discretionary","2419530","BMG4388N1065","NASDAQ"
"HR","HEALTHCARE REALTY TRUST REIT INC","Equity","0.23","32.49","3,725,644.00","121,046,173.56","121,046,173.56","Real Estate","2417921","US4219461047","New York Stock Exchange Inc."
"RGEN","REPLIGEN CORP","Equity","0.23","90.43","1,336,904.00","120,896,228.72","120,896,228.72","Health Care","2731654","US7599161095","NASDAQ"
"ALE","ALLETE INC","Equity","0.23","80.67","1,489,048.00","120,121,502.16","120,121,502.16","Utilities","B02R1L6","US0185223007","New York Stock Exchange Inc."
"VSAT","VIASAT INC","Equity","0.23","72.17","1,660,947.00","119,870,544.99","119,870,544.99","Information Technology","2946243","US92552V1008","NASDAQ"
"COR","CORESITE REALTY REIT CORP","Equity","0.23","112.25","1,063,430.00","119,370,017.50","119,370,017.50","Real Estate","B3T3VV8","US21870Q1058","New York Stock Exchange Inc."
"FLO","FLOWERS FOODS INC","Equity","0.23","21.49","5,548,413.00","119,235,395.37","119,235,395.37","Consumer Staples","2744243","US3434981011","New York Stock Exchange Inc."
"SAIC","SCIENCE APPLICATIONS INTERNATIONAL","Equity","0.23","84.26","1,413,809.00","119,127,546.34","119,127,546.34","Information Technology","BDTZZG7","US8086251076","New York Stock Exchange Inc."
"GRUB","GRUBHUB INC","Equity","0.23","45.02","2,632,004.00","118,492,820.08","118,492,820.08","Consumer Discretionary","BKY7XF2","US4001101025","New York Stock Exchange Inc."
"SWX","SOUTHWEST GAS HOLDINGS INC","Equity","0.23","75.65","1,565,957.00","118,464,647.05","118,464,647.05","Utilities","2831888","US8448951025","New York Stock Exchange Inc."
"SR","SPIRE INC","Equity","0.23","80.76","1,464,633.00","118,283,761.08","118,283,761.08","Utilities","BYXJQG9","US84857L1017","New York Stock Exchange Inc."
"RYN","RAYONIER REIT INC","Equity","0.22","31.57","3,736,751.00","117,969,229.07","117,969,229.07","Real Estate","2473138","US7549071030","New York Stock Exchange Inc."
"FL","FOOT LOCKER INC","Equity","0.22","37.33","3,159,422.00","117,941,223.26","117,941,223.26","Consumer Discretionary","2980906","US3448491049","New York Stock Exchange Inc."
"FNB","FNB CORP","Equity","0.22","12.58","9,364,878.00","117,810,165.24","117,810,165.24","Financials","2041308","US3025201019","New York Stock Exchange Inc."
"SMG","SCOTTS MIRACLE GRO","Equity","0.22","103.53","1,135,838.00","117,593,308.14","117,593,308.14","Materials","2781518","US8101861065","New York Stock Exchange Inc."
"WEN","WENDYS","Equity","0.22","22.11","5,317,937.00","117,579,587.07","117,579,587.07","Consumer Discretionary","B3NXMJ9","US95058W1009","NASDAQ"
"LOGM","LOGMEIN INC","Equity","0.22","82.41","1,424,390.00","117,383,979.90","117,383,979.90","Information Technology","B600J15","US54142L1098","NASDAQ"
"TPX","TEMPUR SEALY INTERNATIONAL INC","Equity","0.22","88.10","1,326,809.00","116,891,872.90","116,891,872.90","Consumer Discretionary","2216991","US88023U1016","New York Stock Exchange Inc."
"PNM","PNM RESOURCES INC","Equity","0.22","50.83","2,296,126.00","116,712,084.58","116,712,084.58","Utilities","2707826","US69349H1077","New York Stock Exchange Inc."
"NFG","NATIONAL FUEL GAS","Equity","0.22","46.66","2,488,140.00","116,096,612.40","116,096,612.40","Utilities","2626103","US6361801011","New York Stock Exchange Inc."
"AAN","AARONS INC","Equity","0.22","59.66","1,943,986.00","115,978,204.76","115,978,204.76","Consumer Discretionary","2002918","US0025353006","New York Stock Exchange Inc."
"VVV","VALVOLINE INC","Equity","0.22","21.29","5,424,813.00","115,494,268.77","115,494,268.77","Materials","BDG22J3","US92047W1018","New York Stock Exchange Inc."
"NUVA","NUVASIVE INC","Equity","0.22","76.73","1,499,555.00","115,060,855.15","115,060,855.15","Health Care","B00GJC2","US6707041058","NASDAQ"
"UTHR","UNITED THERAPEUTICS CORP","Equity","0.22","90.95","1,264,031.00","114,963,619.45","114,963,619.45","Health Care","2430412","US91307C1027","NASDAQ"
"SBRA","SABRA HEALTH CARE REIT INC","Equity","0.22","21.04","5,463,003.00","114,941,583.12","114,941,583.12","Real Estate","B5NLBP6","US78573L1061","NASDAQ"
"CCMP","CABOT MICROELECTRONICS CORP","Equity","0.22","137.18","836,999.00","114,819,522.82","114,819,522.82","Information Technology","2572381","US12709P1030","NASDAQ"
"JHG","JANUS HENDERSON GROUP PLC","Equity","0.22","24.89","4,600,281.00","114,500,994.09","114,500,994.09","Financials","BYPZJQ6","JE00BYPZJM29","New York Stock Exchange Inc."
"MRCY","MERCURY SYSTEMS INC","Equity","0.22","71.54","1,596,549.00","114,217,115.46","114,217,115.46","Industrials","2144047","US5893781089","NASDAQ"
"WTFC","WINTRUST FINANCIAL CORP","Equity","0.22","69.72","1,634,132.00","113,931,683.04","113,931,683.04","Financials","2425258","US97650W1080","NASDAQ"
"SIGI","SELECTIVE INSURANCE GROUP INC","Equity","0.22","66.37","1,710,876.00","113,550,840.12","113,550,840.12","Financials","2766173","US8163001071","NASDAQ"
"UBSI","UNITED BANKSHARES INC","Equity","0.22","38.61","2,936,587.00","113,381,624.07","113,381,624.07","Financials","2905794","US9099071071","NASDAQ"
"BLKB","BLACKBAUD INC","Equity","0.22","79.86","1,417,473.00","113,199,393.78","113,199,393.78","Information Technology","2458878","US09227Q1004","NASDAQ"
"HWC","HANCOCK WHITNEY CORP","Equity","0.21","43.20","2,613,152.00","112,888,166.40","112,888,166.40","Financials","2415497","US4101201097","NASDAQ"
"UMPQ","UMPQUA HOLDINGS CORP","Equity","0.21","17.78","6,347,523.00","112,858,958.94","112,858,958.94","Financials","2484389","US9042141039","NASDAQ"
"THC","TENET HEALTHCARE CORP","Equity","0.21","37.84","2,982,016.00","112,839,485.44","112,839,485.44","Health Care","B8DMK08","US88033G4073","New York Stock Exchange Inc."
"NVT","NVENT ELECTRIC PLC","Equity","0.21","25.10","4,482,800.00","112,518,280.00","112,518,280.00","Industrials","BDVJJQ5","IE00BDVJJQ56","New York Stock Exchange Inc."
"COHR","COHERENT INC","Equity","0.21","162.82","690,513.00","112,429,326.66","112,429,326.66","Information Technology","2208374","US1924791031","NASDAQ"
"MUR","MURPHY OIL CORP","Equity","0.21","25.27","4,443,239.00","112,280,649.53","112,280,649.53","Energy","2611206","US6267171022","New York Stock Exchange Inc."
"SVC","SERVICE PROPERTIES TRUST","Equity","0.21","23.65","4,740,448.00","112,111,595.20","112,111,595.20","Real Estate","BKRT1C8","US81761L1026","NASDAQ"
"TKR","TIMKEN","Equity","0.21","56.00","1,971,334.00","110,394,704.00","110,394,704.00","Industrials","2892807","US8873891043","New York Stock Exchange Inc."
"THO","THOR INDUSTRIES INC","Equity","0.21","69.59","1,585,927.00","110,364,659.93","110,364,659.93","Consumer Discretionary","2889876","US8851601018","New York Stock Exchange Inc."
"SLM","SLM CORP","Equity","0.21","8.96","12,297,141.00","110,182,383.36","110,182,383.36","Financials","2101967","US78442P1066","NASDAQ"
"EXP","EAGLE MATERIALS INC","Equity","0.21","90.44","1,211,364.00","109,555,760.16","109,555,760.16","Materials","2191399","US26969P1084","New York Stock Exchange Inc."
"OZK","BANK OZK","Equity","0.21","31.38","3,482,048.00","109,266,666.24","109,266,666.24","Financials","BZ56Q65","US06417N1037","NASDAQ"
"BOH","BANK OF HAWAII CORP.","Equity","0.21","92.90","1,170,217.00","108,713,159.30","108,713,159.30","Financials","2074070","US0625401098","New York Stock Exchange Inc."
"GT","GOODYEAR TIRE & RUBBER","Equity","0.20","16.07","6,697,941.00","107,635,911.87","107,635,911.87","Consumer Discretionary","2378200","US3825501014","NASDAQ"
"WRI","WEINGARTEN REALTY INVESTORS REIT","Equity","0.20","30.84","3,484,332.00","107,456,798.88","107,456,798.88","Real Estate","2946618","US9487411038","New York Stock Exchange Inc."
"MTZ","MASTEC INC","Equity","0.20","61.71","1,737,812.00","107,240,378.52","107,240,378.52","Industrials","2155306","US5763231090","New York Stock Exchange Inc."
"CNK","CINEMARK HOLDINGS INC","Equity","0.20","34.81","3,073,119.00","106,975,272.39","106,975,272.39","Communication","B1W7RQ0","US17243V1026","New York Stock Exchange Inc."
"NGVT","INGEVITY CORP","Equity","0.20","88.64","1,205,870.00","106,888,316.80","106,888,316.80","Materials","BD4LHG4","US45688C1071","New York Stock Exchange Inc."
"CBRL","CRACKER BARREL OLD COUNTRY STORE I","Equity","0.20","153.84","693,098.00","106,626,196.32","106,626,196.32","Consumer Discretionary","2231091","US22410J1060","NASDAQ"
"LIVN","LIVANOVA PLC","Equity","0.20","76.23","1,394,964.00","106,338,105.72","106,338,105.72","Health Care","BYMT0J1","GB00BYMT0J19","NASDAQ"
"OLLI","OLLIES BARGAIN OUTLET HOLDINGS INC","Equity","0.20","67.51","1,574,494.00","106,294,089.94","106,294,089.94","Consumer Discretionary","BZ22B38","US6811161099","NASDAQ"
"TXRH","TEXAS ROADHOUSE INC","Equity","0.20","56.12","1,883,740.00","105,715,488.80","105,715,488.80","Consumer Discretionary","B033TJ7","US8826811098","NASDAQ"
"NKTR","NEKTAR THERAPEUTICS","Equity","0.20","20.92","5,048,174.00","105,607,800.08","105,607,800.08","Health Care","2454445","US6402681083","NASDAQ"
"ASGN","ASGN INC","Equity","0.20","69.20","1,523,256.00","105,409,315.20","105,409,315.20","Industrials","BFY8W20","US00191U1025","New York Stock Exchange Inc."
"PRSP","PERSPECTA INC","Equity","0.20","26.48","3,976,659.00","105,301,930.32","105,301,930.32","Information Technology","BZ5YFM8","US7153471005","New York Stock Exchange Inc."
"RLI","RLI CORP","Equity","0.20","91.74","1,144,291.00","104,977,256.34","104,977,256.34","Financials","2719070","US7496071074","New York Stock Exchange Inc."
"ERI","ELDORADO RESORTS INC","Equity","0.20","55.70","1,883,076.00","104,887,333.20","104,887,333.20","Consumer Discretionary","BQXTNW8","US28470R1023","NASDAQ"
"ASB","ASSOCIATED BANCORP","Equity","0.20","22.39","4,668,897.00","104,536,603.83","104,536,603.83","Financials","2055718","US0454871056","New York Stock Exchange Inc."
"SIX","SIX FLAGS ENTERTAINMENT CORP","Equity","0.20","46.05","2,261,451.00","104,139,818.55","104,139,818.55","Consumer Discretionary","B43VKB8","US83001A1025","New York Stock Exchange Inc."
"NWE","NORTHWESTERN CORP","Equity","0.20","71.08","1,454,083.00","103,356,219.64","103,356,219.64","Utilities","B03PGL4","US6680743050","New York Stock Exchange Inc."
"NEU","NEWMARKET CORP","Equity","0.20","485.95","212,608.00","103,316,857.60","103,316,857.60","Materials","B01CGF1","US6515871076","New York Stock Exchange Inc."
"IBKR","INTERACTIVE BROKERS GROUP INC CLAS","Equity","0.20","46.64","2,212,362.00","103,184,563.68","103,184,563.68","Financials","B1WT4X2","US45841N1072","NASDAQ"
"ICUI","ICU MEDICAL INC","Equity","0.20","186.38","553,166.00","103,099,079.08","103,099,079.08","Health Care","2451918","US44930G1076","NASDAQ"
"MUSA","MURPHY USA INC","Equity","0.20","118.16","868,917.00","102,671,232.72","102,671,232.72","Consumer Discretionary","BCZWJ63","US6267551025","New York Stock Exchange Inc."
"RBC","REGAL BELOIT CORP","Equity","0.20","84.97","1,206,915.00","102,551,567.55","102,551,567.55","Industrials","2730082","US7587501039","New York Stock Exchange Inc."
"TGNA","TEGNA INC","Equity","0.19","16.30","6,234,938.00","101,629,489.40","101,629,489.40","Communication","BZ0P3Z5","US87901J1051","New York Stock Exchange Inc."
"LPX","LOUISIANA PACIFIC CORP","Equity","0.19","28.51","3,559,272.00","101,474,844.72","101,474,844.72","Materials","2535243","US5463471053","New York Stock Exchange Inc."
"FCFS","FIRSTCASH INC","Equity","0.19","81.51","1,238,464.00","100,947,200.64","100,947,200.64","Financials","BZCG9B4","US33767D1054","NASDAQ"
"SYNH","SYNEOS HEALTH INC CLASS A","Equity","0.19","56.28","1,787,281.00","100,588,174.68","100,588,174.68","Health Care","BFMZ4V6","US87166B1026","NASDAQ"
"PEB","PEBBLEBROOK HOTEL TRUST REIT","Equity","0.19","26.70","3,765,070.00","100,527,369.00","100,527,369.00","Real Estate","B4XBDV9","US70509V1008","New York Stock Exchange Inc."
"RIG","TRANSOCEAN LTD","Equity","0.19","6.03","16,626,772.00","100,259,435.16","100,259,435.16","Energy","B3KFWW1","CH0048265513","New York Stock Exchange Inc."
"SAM","BOSTON BEER INC CLASS A","Equity","0.19","375.83","264,380.00","99,361,935.40","99,361,935.40","Consumer Staples","2113393","US1005571070","New York Stock Exchange Inc."
"CLGX","CORELOGIC INC","Equity","0.19","42.44","2,309,197.00","98,002,320.68","98,002,320.68","Information Technology","B5541Y2","US21871D1037","New York Stock Exchange Inc."
"MSM","MSC INDUSTRIAL INC CLASS A","Equity","0.18","74.32","1,294,743.00","96,225,299.76","96,225,299.76","Industrials","2567655","US5535301064","New York Stock Exchange Inc."
"PSB","PS BUSINESS PARKS REIT INC","Equity","0.18","166.14","576,284.00","95,743,823.76","95,743,823.76","Real Estate","2707956","US69360J1079","New York Stock Exchange Inc."
"SAFM","SANDERSON FARMS INC","Equity","0.18","167.02","570,206.00","95,235,806.12","95,235,806.12","Consumer Staples","2774336","US8000131040","NASDAQ"
"SMTC","SEMTECH CORP","Equity","0.18","49.48","1,923,953.00","95,197,194.44","95,197,194.44","Information Technology","2795542","US8168501018","NASDAQ"
"RAMP","LIVERAMP HOLDINGS INC","Equity","0.18","48.46","1,949,805.00","94,487,550.30","94,487,550.30","Information Technology","BGLN838","US53815P1084","New York Stock Exchange Inc."
"NSP","INSPERITY INC","Equity","0.18","84.26","1,115,293.00","93,974,588.18","93,974,588.18","Industrials","2007281","US45778Q1076","New York Stock Exchange Inc."
"CHH","CHOICE HOTELS INTERNATIONAL INC","Equity","0.18","102.41","915,915.00","93,798,855.15","93,798,855.15","Consumer Discretionary","2106780","US1699051066","New York Stock Exchange Inc."
"ENR","ENERGIZER HOLDINGS INC","Equity","0.18","50.30","1,847,151.00","92,911,695.30","92,911,695.30","Consumer Staples","BYZFPN5","US29272W1099","New York Stock Exchange Inc."
"FII","FEDERATED INVESTORS INC CLASS B","Equity","0.18","33.37","2,779,843.00","92,763,360.91","92,763,360.91","Financials","2246288","US3142111034","New York Stock Exchange Inc."
"VMI","VALMONT INDS INC","Equity","0.18","147.31","625,156.00","92,091,730.36","92,091,730.36","Industrials","2926825","US9202531011","New York Stock Exchange Inc."
"ENS","ENERSYS","Equity","0.17","74.90","1,224,594.00","91,722,090.60","91,722,090.60","Industrials","B020GQ5","US29275Y1029","New York Stock Exchange Inc."
"OFC","CORPORATE OFFICE PROPERTIES TRUST","Equity","0.17","28.31","3,221,078.00","91,188,718.18","91,188,718.18","Real Estate","2756152","US22002T1088","New York Stock Exchange Inc."
"KMT","KENNAMETAL INC","Equity","0.17","37.74","2,377,070.00","89,710,621.80","89,710,621.80","Industrials","2488121","US4891701009","New York Stock Exchange Inc."
"PBF","PBF ENERGY INC CLASS A","Equity","0.17","30.53","2,937,674.00","89,687,187.22","89,687,187.22","Energy","B7F4TJ7","US69318G1067","New York Stock Exchange Inc."
"DKS","DICKS SPORTING INC","Equity","0.17","47.18","1,899,302.00","89,609,068.36","89,609,068.36","Consumer Discretionary","2969637","US2533931026","New York Stock Exchange Inc."
"LANC","LANCASTER COLONY CORP","Equity","0.17","155.16","572,425.00","88,817,463.00","88,817,463.00","Consumer Staples","2503206","US5138471033","NASDAQ"
"TDC","TERADATA CORP","Equity","0.17","26.72","3,298,509.00","88,136,160.48","88,136,160.48","Information Technology","B247H10","US88076W1036","New York Stock Exchange Inc."
"BXS","BANCORPSOUTH","Equity","0.17","32.55","2,706,537.00","88,097,779.35","88,097,779.35","Financials","BF3BNF0","US05971J1025","New York Stock Exchange Inc."
"HOMB","HOME BANCSHARES INC","Equity","0.17","19.58","4,489,545.00","87,905,291.10","87,905,291.10","Financials","B17MTL9","US4368932004","NASDAQ"
"TCBI","TEXAS CAPITAL BANCSHARES INC","Equity","0.17","60.40","1,450,019.00","87,581,147.60","87,581,147.60","Financials","2977209","US88224Q1076","NASDAQ"
"WWE","WORLD WRESTLING ENTERTAINMENT INC","Equity","0.17","63.69","1,371,005.00","87,319,308.45","87,319,308.45","Communication","2503529","US98156Q1085","New York Stock Exchange Inc."
"EVR","EVERCORE INC CLASS A","Equity","0.17","75.56","1,152,876.00","87,111,310.56","87,111,310.56","Financials","B1BHXZ2","US29977A1051","New York Stock Exchange Inc."
"UMBF","UMB FINANCIAL CORP","Equity","0.16","69.12","1,244,709.00","86,034,286.08","86,034,286.08","Financials","2918510","US9027881088","NASDAQ"
"KBH","KB HOME","Equity","0.16","34.79","2,465,121.00","85,761,559.59","85,761,559.59","Consumer Discretionary","2485070","US48666K1097","New York Stock Exchange Inc."
"AN","AUTONATION INC","Equity","0.16","50.45","1,694,681.00","85,496,656.45","85,496,656.45","Consumer Discretionary","2732635","US05329W1027","New York Stock Exchange Inc."
"FULT","FULTON FINANCIAL CORP","Equity","0.16","17.76","4,792,936.00","85,122,543.36","85,122,543.36","Financials","2356585","US3602711000","NASDAQ"
"LM","LEGG MASON INC","Equity","0.16","36.06","2,357,654.00","85,017,003.24","85,017,003.24","Financials","2510615","US5249011058","New York Stock Exchange Inc."
"CNO","CNO FINANCIAL GROUP INC","Equity","0.16","18.93","4,490,501.00","85,005,183.93","85,005,183.93","Financials","2657750","US12621E1038","New York Stock Exchange Inc."
"GATX","GATX CORP","Equity","0.16","82.60","1,029,093.00","85,003,081.80","85,003,081.80","Industrials","2362128","US3614481030","New York Stock Exchange Inc."
"WAFD","WASHINGTON FEDERAL INC","Equity","0.16","37.12","2,288,831.00","84,961,406.72","84,961,406.72","Financials","2941981","US9388241096","NASDAQ"
"CATY","CATHAY GENERAL BANCORP","Equity","0.16","38.30","2,185,809.00","83,716,484.70","83,716,484.70","Financials","2264235","US1491501045","NASDAQ"
"PCH","POTLATCHDELTIC CORP","Equity","0.16","43.10","1,936,751.00","83,473,968.10","83,473,968.10","Real Estate","B0XXJN1","US7376301039","NASDAQ"
"KAR","KAR AUCTION SERVICES INC","Equity","0.16","21.61","3,857,158.00","83,353,184.38","83,353,184.38","Industrials","B4Y1MH7","US48238T1097","New York Stock Exchange Inc."
"CFX","COLFAX CORP","Equity","0.16","34.55","2,405,208.00","83,099,936.40","83,099,936.40","Industrials","B2RB4W9","US1940141062","New York Stock Exchange Inc."
"ACHC","ACADIA HEALTHCARE COMPANY INC","Equity","0.16","32.47","2,551,842.00","82,858,309.74","82,858,309.74","Health Care","B65VZ37","US00404A1097","NASDAQ"
"OLN","OLIN CORP","Equity","0.16","17.45","4,736,084.00","82,644,665.80","82,644,665.80","Materials","2658526","US6806652052","New York Stock Exchange Inc."
"NAVI","NAVIENT CORP","Equity","0.16","14.12","5,846,961.00","82,559,089.32","82,559,089.32","Financials","BLP5GX1","US63938C1080","NASDAQ"
"BJ","BJAS WHOLESALE CLUB HOLDINGS INC","Equity","0.16","23.52","3,508,957.00","82,530,668.64","82,530,668.64","Consumer Staples","BFZNZF8","US05550J1016","New York Stock Exchange Inc."
"CC","CHEMOURS","Equity","0.16","17.43","4,712,569.00","82,140,077.67","82,140,077.67","Materials","BZ0CTP8","US1638511089","New York Stock Exchange Inc."
"IIVI","II VI INC","Equity","0.16","32.79","2,491,635.00","81,700,711.65","81,700,711.65","Information Technology","2452698","US9021041085","NASDAQ"
"INT","WORLD FUEL SERVICES CORP","Equity","0.16","43.28","1,884,717.00","81,570,551.76","81,570,551.76","Energy","2469450","US9814751064","New York Stock Exchange Inc."
"R","RYDER SYSTEM INC","Equity","0.16","53.01","1,537,449.00","81,500,171.49","81,500,171.49","Industrials","2760669","US7835491082","New York Stock Exchange Inc."
"MLHR","HERMAN MILLER INC","Equity","0.15","47.25","1,702,307.00","80,434,005.75","80,434,005.75","Industrials","2594222","US6005441000","NASDAQ"
"THS","TREEHOUSE FOODS INC","Equity","0.15","49.42","1,624,300.00","80,272,906.00","80,272,906.00","Consumer Staples","B095X84","US89469A1043","New York Stock Exchange Inc."
"GHC","GRAHAM HOLDINGS COMPANY CLASS B","Equity","0.15","639.86","125,425.00","80,254,440.50","80,254,440.50","Consumer Discretionary","BGM1B98","US3846371041","New York Stock Exchange Inc."
"VSH","VISHAY INTERTECHNOLOGY INC","Equity","0.15","20.85","3,806,451.00","79,364,503.35","79,364,503.35","Information Technology","2930149","US9282981086","New York Stock Exchange Inc."
"PENN","PENN NATIONAL GAMING INC","Equity","0.15","25.18","3,139,687.00","79,057,318.66","79,057,318.66","Consumer Discretionary","2682105","US7075691094","NASDAQ"
"SXT","SENSIENT TECHNOLOGIES CORP","Equity","0.15","64.39","1,219,895.00","78,549,039.05","78,549,039.05","Materials","2923741","US81725T1007","New York Stock Exchange Inc."
"CBT","CABOT CORP","Equity","0.15","47.15","1,665,669.00","78,536,293.35","78,536,293.35","Materials","2162500","US1270551013","New York Stock Exchange Inc."
"DAN","DANA INCORPORATED INC","Equity","0.15","18.76","4,165,265.00","78,140,371.40","78,140,371.40","Consumer Discretionary","B2PFJR3","US2358252052","New York Stock Exchange Inc."
"ATI","ALLEGHENY TECHNOLOGIES INC","Equity","0.15","21.40","3,634,383.00","77,775,796.20","77,775,796.20","Materials","2526117","US01741R1023","New York Stock Exchange Inc."
"CMD","CANTEL MEDICAL CORP","Equity","0.14","70.70","1,059,459.00","74,903,751.30","74,903,751.30","Health Care","2188153","US1380981084","New York Stock Exchange Inc."
"CMC","COMMERCIAL METALS","Equity","0.14","21.78","3,390,635.00","73,848,030.30","73,848,030.30","Materials","2213260","US2017231034","New York Stock Exchange Inc."
"VC","VISTEON CORP","Equity","0.14","90.89","803,773.00","73,054,927.97","73,054,927.97","Consumer Discretionary","B4N0JJ6","US92839U2069","NASDAQ"
"IBOC","INTERNATIONAL BANCSHARES CORP","Equity","0.14","43.46","1,672,176.00","72,672,768.96","72,672,768.96","Financials","2243911","US4590441030","NASDAQ"
"EQT","EQT CORP","Equity","0.14","9.73","7,364,382.00","71,655,436.86","71,655,436.86","Energy","2319414","US26884L1098","New York Stock Exchange Inc."
"FLR","FLUOR CORP","Equity","0.14","17.60","4,031,926.00","70,961,897.60","70,961,897.60","Industrials","2696838","US3434121022","New York Stock Exchange Inc."
"POL","POLYONE CORP","Equity","0.13","31.52","2,224,249.00","70,108,328.48","70,108,328.48","Materials","2624561","US73179P1066","New York Stock Exchange Inc."
"BYD","BOYD GAMING CORP","Equity","0.13","29.66","2,315,112.00","68,666,221.92","68,666,221.92","Consumer Discretionary","2117232","US1033041013","New York Stock Exchange Inc."
"SLGN","SILGAN HOLDINGS INC","Equity","0.13","30.49","2,251,659.00","68,653,082.91","68,653,082.91","Materials","2809324","US8270481091","NASDAQ"
"TDS","TELEPHONE AND DATA SYSTEMS INC","Equity","0.13","24.31","2,805,701.00","68,206,591.31","68,206,591.31","Communication","B6YR5K3","US8794338298","New York Stock Exchange Inc."
"SFM","SPROUTS FARMERS MARKET INC","Equity","0.13","19.76","3,417,553.00","67,530,847.28","67,530,847.28","Consumer Staples","BCGCR79","US85208M1027","NASDAQ"
"GNW","GENWORTH FINANCIAL A INC","Equity","0.13","4.64","14,539,189.00","67,461,836.96","67,461,836.96","Financials","B011WL6","US37247D1063","New York Stock Exchange Inc."
"AEO","AMERICAN EAGLE OUTFITTERS INC","Equity","0.13","14.63","4,570,765.00","66,870,291.95","66,870,291.95","Consumer Discretionary","2048592","US02553E1064","New York Stock Exchange Inc."
"MD","MEDNAX INC","Equity","0.13","27.43","2,434,828.00","66,787,332.04","66,787,332.04","Health Care","2677640","US58502B1061","New York Stock Exchange Inc."
"ETRN","EQUITRANS MIDSTREAM CORP","Equity","0.13","11.35","5,877,910.00","66,714,278.50","66,714,278.50","Energy","BFMWBV6","US2946001011","New York Stock Exchange Inc."
"TRN","TRINITY INDUSTRIES INC","Equity","0.13","22.50","2,957,399.00","66,541,477.50","66,541,477.50","Industrials","2904627","US8965221091","New York Stock Exchange Inc."
"CRS","CARPENTER TECHNOLOGY CORP","Equity","0.13","48.41","1,372,623.00","66,448,679.43","66,448,679.43","Materials","2177504","US1442851036","New York Stock Exchange Inc."
"APY","APERGY CORP","Equity","0.12","29.23","2,238,378.00","65,427,788.94","65,427,788.94","Energy","BFXZQZ3","US03755L1044","New York Stock Exchange Inc."
"TRMK","TRUSTMARK CORP","Equity","0.12","34.99","1,862,314.00","65,162,366.86","65,162,366.86","Financials","2340210","US8984021027","NASDAQ"
"X","US STEEL CORP","Equity","0.12","13.18","4,937,467.00","65,075,815.06","65,075,815.06","Materials","2824770","US9129091081","New York Stock Exchange Inc."
"TREE","LENDINGTREE INC","Equity","0.12","290.56","221,379.00","64,323,882.24","64,323,882.24","Financials","BV8TD84","US52603B1070","NASDAQ"
"UFS","DOMTAR CORP","Equity","0.12","38.56","1,650,962.00","63,661,094.72","63,661,094.72","Materials","B1T84Z4","US2575592033","New York Stock Exchange Inc."
"TPH","TRI POINTE GROUP INC","Equity","0.12","15.46","4,113,085.00","63,588,294.10","63,588,294.10","Consumer Discretionary","B92CQF3","US87265H1095","New York Stock Exchange Inc."
"NUS","NU SKIN ENTERPRISES INC CLASS A","Equity","0.12","39.45","1,605,654.00","63,343,050.30","63,343,050.30","Consumer Staples","2616870","US67018T1051","New York Stock Exchange Inc."
"UE","URBAN EDGE PROPERTIES","Equity","0.12","19.06","3,318,293.00","63,246,664.58","63,246,664.58","Real Estate","BTPSGQ9","US91704F1049","New York Stock Exchange Inc."
"YELP","YELP INC","Equity","0.12","33.78","1,868,806.00","63,128,266.68","63,128,266.68","Communication","B7KCD72","US9858171054","New York Stock Exchange Inc."
"DLX","DELUXE CORP","Equity","0.12","50.36","1,241,263.00","62,510,004.68","62,510,004.68","Industrials","2260363","US2480191012","New York Stock Exchange Inc."
"SYNA","SYNAPTICS INC","Equity","0.12","65.82","947,067.00","62,335,949.94","62,335,949.94","Information Technology","2839268","US87157D1090","NASDAQ"
"JWA","JOHN WILEY AND SONS INC CLASS A","Equity","0.12","48.75","1,272,721.00","62,045,148.75","62,045,148.75","Communication","2965668","US9682232064","New York Stock Exchange Inc."
"SBH","SALLY BEAUTY HOLDINGS INC","Equity","0.12","17.64","3,482,419.00","61,429,871.16","61,429,871.16","Consumer Discretionary","B1GZ005","US79546E1047","New York Stock Exchange Inc."
"BDC","BELDEN INC","Equity","0.12","54.60","1,116,401.00","60,955,494.60","60,955,494.60","Information Technology","B01WL78","US0774541066","New York Stock Exchange Inc."
"PTEN","PATTERSON UTI ENERGY INC","Equity","0.11","10.15","5,850,081.00","59,378,322.15","59,378,322.15","Energy","2672537","US7034811015","NASDAQ"
"ADNT","ADIENT PLC","Equity","0.11","23.53","2,513,389.00","59,140,043.17","59,140,043.17","Consumer Discretionary","BD845X2","IE00BD845X29","New York Stock Exchange Inc."
"CLB","CORE LABORATORIES NV","Equity","0.11","45.35","1,281,643.00","58,122,510.05","58,122,510.05","Energy","2182531","NL0000200384","New York Stock Exchange Inc."
"PBH","PRESTIGE CONSUMER HEALTHCARE INC","Equity","0.11","39.73","1,448,253.00","57,539,091.69","57,539,091.69","Health Care","B0650P3","US74112D1019","New York Stock Exchange Inc."
"CMP","COMPASS MINERALS INTERNATIONAL INC","Equity","0.11","58.42","978,236.00","57,148,547.12","57,148,547.12","Materials","2202763","US20451N1019","New York Stock Exchange Inc."
"HAIN","HAIN CELESTIAL GROUP INC","Equity","0.11","24.67","2,313,257.00","57,068,050.19","57,068,050.19","Consumer Staples","2492337","US4052171000","NASDAQ"
"MTX","MINERALS TECHNOLOGIES INC","Equity","0.11","55.98","1,011,942.00","56,648,513.16","56,648,513.16","Materials","2595612","US6031581068","New York Stock Exchange Inc."
"CVLT","COMMVAULT SYSTEMS INC","Equity","0.11","47.13","1,200,326.00","56,571,364.38","56,571,364.38","Information Technology","B142B38","US2041661024","NASDAQ"
"BBBY","BED BATH AND BEYOND INC","Equity","0.11","15.18","3,687,538.00","55,958,389.15","55,958,389.15","Consumer Discretionary","2085878","US0758961009","NASDAQ"
"TEX","TEREX CORP","Equity","0.11","29.48","1,888,226.00","55,664,902.48","55,664,902.48","Industrials","2884224","US8807791038","New York Stock Exchange Inc."
"CXW","CORECIVIC REIT INC","Equity","0.10","16.04","3,437,421.00","55,136,232.84","55,136,232.84","Real Estate","BZ8VC58","US21871N1019","New York Stock Exchange Inc."
"URBN","URBAN OUTFITTERS INC","Equity","0.10","26.78","2,033,246.00","54,450,327.88","54,450,327.88","Consumer Discretionary","2933438","US9170471026","NASDAQ"
"ATGE","ADTALEM GLOBAL EDUCATION INC","Equity","0.10","34.21","1,585,444.00","54,238,039.24","54,238,039.24","Consumer Discretionary","BZ12TX5","US00737L1035","New York Stock Exchange Inc."
"CAR","AVIS BUDGET GROUP INC","Equity","0.10","32.08","1,685,999.00","54,086,847.92","54,086,847.92","Industrials","B1CL8J2","US0537741052","NASDAQ"
"LGND","LIGAND PHARMACEUTICALS INC","Equity","0.10","106.46","506,004.00","53,869,185.84","53,869,185.84","Health Care","2501578","US53220K5048","NASDAQ"
"CLI","MACK-CALI REALTY REIT CORP","Equity","0.10","20.59","2,615,159.00","53,846,123.81","53,846,123.81","Real Estate","2192314","US5544891048","New York Stock Exchange Inc."
"TCO","TAUBMAN CENTERS REIT INC","Equity","0.10","30.18","1,771,785.00","53,472,471.30","53,472,471.30","Real Estate","2872252","US8766641034","New York Stock Exchange Inc."
"HCSG","HEALTHCARE SERVICES INC","Equity","0.10","24.88","2,138,532.00","53,206,676.16","53,206,676.16","Industrials","2417619","US4219061086","NASDAQ"
"GEO","GEO GROUP REIT INC","Equity","0.10","15.11","3,496,772.00","52,836,224.92","52,836,224.92","Real Estate","BNLYWQ1","US36162J1060","New York Stock Exchange Inc."
"WW","WW INTERNATIONAL INC","Equity","0.10","39.15","1,337,932.00","52,380,037.80","52,380,037.80","Consumer Discretionary","BK71LY6","US98262P1012","NASDAQ"
"PDCO","PATTERSON COMPANIES INC","Equity","0.10","21.12","2,476,067.00","52,294,535.04","52,294,535.04","Health Care","2672689","US7033951036","NASDAQ"
"AM","ANTERO MIDSTREAM CORP","Equity","0.10","5.98","8,609,075.00","51,482,268.50","51,482,268.50","Energy","BJBT0Q4","US03676B1026","New York Stock Exchange Inc."
"JACK","JACK IN THE BOX INC","Equity","0.10","75.23","681,257.00","51,250,964.11","51,250,964.11","Consumer Discretionary","2344922","US4663671091","NASDAQ"
"SNH","SENIOR HOUSING PROPERTIES TRUST RE","Equity","0.10","7.46","6,859,805.00","51,139,846.27","51,139,846.27","Real Estate","2501631","US81721M1099","NASDAQ"
"MTDR","MATADOR RESOURCES","Equity","0.10","16.08","3,160,730.00","50,824,538.40","50,824,538.40","Energy","B7MSLL8","US5764852050","New York Stock Exchange Inc."
"EPC","EDGEWELL PERSONAL CARE","Equity","0.09","31.99","1,560,065.00","49,906,479.35","49,906,479.35","Consumer Staples","BX8ZSB4","US28035Q1022","New York Stock Exchange Inc."
"OI","OWENS ILLINOIS INC","Equity","0.09","11.14","4,474,606.00","49,847,110.84","49,847,110.84","Materials","2662862","US6907684038","New York Stock Exchange Inc."
"IDCC","INTERDIGITAL INC","Equity","0.09","54.24","896,402.00","48,620,844.48","48,620,844.48","Information Technology","2465737","US45867G1013","NASDAQ"
"PPC","PILGRIMS PRIDE CORP","Equity","0.09","32.22","1,506,693.00","48,545,648.46","48,545,648.46","Consumer Staples","B5L3PZ2","US72147K1088","NASDAQ"
"HNI","HNI CORP","Equity","0.09","39.31","1,233,484.00","48,488,256.04","48,488,256.04","Industrials","2435246","US4042511000","New York Stock Exchange Inc."
"AMCX","AMC NETWORKS CLASS A INC","Equity","0.09","37.25","1,273,542.00","47,439,439.50","47,439,439.50","Communication","B4MG4Z6","US00164V1035","NASDAQ"
"CAKE","CHEESECAKE FACTORY INC","Equity","0.09","39.90","1,181,726.00","47,150,867.40","47,150,867.40","Consumer Discretionary","2192392","US1630721017","NASDAQ"
"WERN","WERNER ENTERPRISES INC","Equity","0.09","36.76","1,279,872.00","47,048,094.72","47,048,094.72","Industrials","2948852","US9507551086","NASDAQ"
"EAT","BRINKER INTERNATIONAL INC","Equity","0.09","42.32","1,078,580.00","45,645,505.60","45,645,505.60","Consumer Discretionary","2193544","US1096411004","New York Stock Exchange Inc."
"AVNS","AVANOS MEDICAL INC","Equity","0.09","33.24","1,373,052.00","45,640,248.48","45,640,248.48","Health Care","BFFVV54","US05350V1061","New York Stock Exchange Inc."
"MDRX","ALLSCRIPTS HEALTHCARE SOLUTIONS IN","Equity","0.09","9.47","4,802,255.00","45,477,354.85","45,477,354.85","Health Care","2710039","US01988P1084","NASDAQ"
"NTCT","NETSCOUT SYSTEMS INC","Equity","0.09","23.65","1,920,186.00","45,412,398.90","45,412,398.90","Information Technology","2447285","US64115T1043","NASDAQ"
"SGMS","SCIENTIFIC GAMES CORP","Equity","0.08","27.59","1,568,015.00","43,261,533.85","43,261,533.85","Consumer Discretionary","2919290","US80874P1093","NASDAQ"
"WOR","WORTHINGTON INDUSTRIES INC","Equity","0.08","39.97","1,063,823.00","42,521,005.31","42,521,005.31","Materials","2981932","US9818111026","New York Stock Exchange Inc."
"DY","DYCOM INDUSTRIES INC","Equity","0.08","46.84","905,143.00","42,396,898.12","42,396,898.12","Industrials","2289841","US2674751019","New York Stock Exchange Inc."
"REZI","RESIDEO TECHNOLOGIES INC","Equity","0.08","11.91","3,529,753.00","42,039,358.23","42,039,358.23","Industrials","BFD1TJ6","US76118Y1047","New York Stock Exchange Inc."
"CNX","CNX RESOURCES CORP","Equity","0.08","7.79","5,382,932.00","41,933,040.28","41,933,040.28","Energy","BF3FTF4","US12653C1080","New York Stock Exchange Inc."
"UNIT","UNITI GROUP INC","Equity","0.08","7.43","5,604,785.00","41,643,552.55","41,643,552.55","Real Estate","BD6VBR1","US91325V1089","NASDAQ"
"MDP","MEREDITH CORP","Equity","0.08","36.08","1,150,496.00","41,509,895.68","41,509,895.68","Communication","2578516","US5894331017","New York Stock Exchange Inc."
"SKT","TANGER FACTORY OUTLET CENTERS REIT","Equity","0.08","15.20","2,696,054.00","40,980,020.80","40,980,020.80","Real Estate","2874582","US8754651060","New York Stock Exchange Inc."
"ALEX","ALEXANDER & BALDWIN INC","Equity","0.08","21.00","1,951,557.00","40,982,697.00","40,982,697.00","Real Estate","B827VB2","US0144911049","New York Stock Exchange Inc."
"PZZA","PAPA JOHNS INTERNATIONAL INC","Equity","0.07","60.60","635,862.00","38,533,237.20","38,533,237.20","Consumer Discretionary","2696117","US6988131024","NASDAQ"
"MCY","MERCURY GENERAL CORP","Equity","0.07","48.70","777,935.00","37,885,434.50","37,885,434.50","Financials","2578464","US5894001008","New York Stock Exchange Inc."
"GVA","GRANITE CONSTRUCTION INC","Equity","0.07","28.20","1,342,893.00","37,869,582.60","37,869,582.60","Industrials","2381189","US3873281071","New York Stock Exchange Inc."
"GDOT","GREEN DOT CORP CLASS A","Equity","0.07","26.47","1,385,465.00","36,673,258.55","36,673,258.55","Financials","B3WNNP3","US39304D1028","New York Stock Exchange Inc."
"DNOW","NOW INC","Equity","0.07","11.49","3,153,782.00","36,236,955.18","36,236,955.18","Industrials","BMH0MV1","US67011P1003","New York Stock Exchange Inc."
"GEF","GREIF INC CLASS A","Equity","0.06","44.60","755,977.00","33,716,574.20","33,716,574.20","Materials","2388016","US3976241071","New York Stock Exchange Inc."
"SWN","SOUTHWESTERN ENERGY","Equity","0.06","2.14","15,672,990.00","33,540,198.60","33,540,198.60","Energy","2828619","US8454671095","New York Stock Exchange Inc."
"DLPH","DELPHI TECHNOLOGIES PLC","Equity","0.06","13.15","2,521,985.00","33,164,102.75","33,164,102.75","Consumer Discretionary","BD85SC5","JE00BD85SC56","New York Stock Exchange Inc."
"CHK","CHESAPEAKE ENERGY CORP","Equity","0.05","0.77","32,829,877.00","25,265,873.34","25,265,873.34","Energy","2182779","US1651671075","New York Stock Exchange Inc."
"OAS","OASIS PETROLEUM INC","Equity","0.04","2.84","8,298,468.00","23,567,649.12","23,567,649.12","Energy","B64R5J2","US6742151086","New York Stock Exchange Inc."
"DDS","DILLARDS INC CLASS A","Equity","0.04","68.27","293,118.00","20,011,165.86","20,011,165.86","Consumer Discretionary","2269768","US2540671011","New York Stock Exchange Inc."
"TR","TOOTSIE ROLL INDUSTRIES INC","Equity","0.03","34.21","481,054.00","16,456,857.34","16,456,857.34","Consumer Staples","2896809","US8905161076","New York Stock Exchange Inc."